"input_names","Common_Name","Taxa","Binomial","class","order","family"
"(Pseudo)Anthias squannipinnis",NA,NA,"Pseudanthias squamipinnis","Actinopterygii","Perciformes","Serranidae"
"Acanthurus nigriona","Gold Rim Surgeon Fish",NA,"Acanthurus nigricans","Actinopterygii","Acanthuriformes","Acanthuridae"
"Acanthurus Tennenti","Vampire","Fish","Acanthurus tennentii","Actinopterygii","Acanthuriformes","Acanthuridae"
"Acanthurus Triostegius","Convict surgeon",NA,"Acanthurus triostegus","Actinopterygii","Acanthuriformes","Acanthuridae"
"Acanthurus xanthocephalus","Purple Surgeonfish","Fish","Acanthurus xanthopterus","Actinopterygii","Acanthuriformes","Acanthuridae"
"Actinodiscus broen","Mushroom corals",NA,"Discosoma","Hexacorallia","Corallimorpharia","Discosomidae"
"Actinodiscus brown","Mushroom corals",NA,"Discosoma","Hexacorallia","Corallimorpharia","Discosomidae"
"Actinodiscus brown","Mushroom Corals","Coral","Discosoma","Hexacorallia","Corallimorpharia","Discosomidae"
"Actinodiscus cardinalis","Metallic red mushroom",NA,"Discosoma","Hexacorallia","Corallimorpharia","Discosomidae"
"Actinodiscus garden","Garden corals",NA,"Discosoma","Hexacorallia","Corallimorpharia","Discosomidae"
"Actinodiscus garden","Garden Corals","Coral","Discosoma","Hexacorallia","Corallimorpharia","Discosomidae"
"Actinodiscus green","Mushroom corals",NA,"Discosoma","Hexacorallia","Corallimorpharia","Discosomidae"
"Actinodiscus green","Mushroom Corals","Coral","Discosoma","Hexacorallia","Corallimorpharia","Discosomidae"
"Actinodiscus marmoratus","Thick striped mushroom",NA,"Discosoma","Hexacorallia","Corallimorpharia","Discosomidae"
"Actinodiscus marmoratus","Thick Striped Mushroom",NA,"Discosoma","Hexacorallia","Corallimorpharia","Discosomidae"
"Actinodiscus nummiferus","Mushrooms red special","Invertebrate","Discosoma nummiforme","Hexacorallia","Corallimorpharia","Discosomidae"
"Actinodiscus striata","Fine striped mushroom","Invertebrate","Discosoma","Hexacorallia","Corallimorpharia","Discosomidae"
"Actinodiscus striata","Fine Striped Mushroom",NA,"Discosoma","Hexacorallia","Corallimorpharia","Discosomidae"
"Actinodiscus striatus","Fine Striped Mushroom","Invertebrate","Discosoma","Hexacorallia","Corallimorpharia","Discosomidae"
"Actinodiscus striatus","Fine striped mushroom","Invertebrate","Discosoma","Hexacorallia","Corallimorpharia","Discosomidae"
"Actinodiscus violet","Mushroom corals",NA,"Discosoma","Hexacorallia","Corallimorpharia","Discosomidae"
"Actinodiscus violet","Mushroom Corals","Coral","Discosoma","Hexacorallia","Corallimorpharia","Discosomidae"
"Africana angulata","Twinspot Wrasse","Fish","Coris aygula","Actinopterygii","Eupercaria incertae sedis","Labridae"
"Africana formosa","Queen Coris","Fish","Coris formosa","Actinopterygii","Eupercaria incertae sedis","Labridae"
"Alcyonium orancilunum","Orange tree coral",NA,"Alcyonium","Octocorallia","Malacalcyonacea","Alcyoniidae"
"Algae","Algae - Chaetomorpha",NA,"Chaetomorpha","Ulvophyceae","Cladophorales","Claddophoraceae"
"Allocoris gaimard","Gaimard rainbow wrasse","Fish","Coris gaimard","Actinopterygii","Eupercaria incertae sedis","Labridae"
"Allocoris gaimard","Yellowtail wrasse",NA,"Coris gaimard","Actinopterygii","Eupercaria incertae sedis","Labridae"
"Alpheus Sp. Red","Red cherry pistol shrimp",NA,"Alpheus","Malacostraca","Decapoda","Alpheidae"
"Amblygibius aurora","Sunburst goby","Fish","Amblyeleotris aurora","Actinopterygii","Gobiiformes","Gobiidae"
"Amblygibius aurora","Sunburst Goby","Fish","Amblyeleotris aurora","Actinopterygii","Gobiiformes","Gobiidae"
"Amblygiblus aurora","Sunburst Goby",NA,"Amblyeleotris aurora","Actinopterygii","Gobiiformes","Gobiidae"
"Amblylyphiododon leucogas","White-belly damsel","Fish","Amblyglyphidodon leucogaster","Actinopterygii","Ovalentaria incertae sedis","Pomacentridae"
"AN12 Stichodactyla haddoni","Haddon's Sea Anemone","Coral","Sttichodactyla haddoni","Hexacorallia","Actiniaria","Stichodactylidae"
"Annulus","Annulus snail","Invertebrate","Monetaria annulus","Gastropoda","Littorinimorpha","Cypraeidae"
"Anthias Squamipinnus","Wreck fish",NA,"Pseudanthias squamipinnis","Actinopterygii","Perciformes","Serranidae"
"Apistorpamma ramirezi","Angel ram",NA,"Mikrogeophagus ramirezi","Actinopterygii","Cichliformes","Cichlidae"
"Apogon speices","Cardinals",NA,"Apogon","Actinopterygii","Kurtiformes","Apogonidae"
"Argthon manilensis","Striped puffer",NA,"Arothron manilensis","Actinopterygii","Tetraodontiformes","Tetraodontidae"
"Astraea gibb","Cerith snail",NA,"Pomaulax gibberosus","Gastropoda","Trochida","Turbinidae"
"Astrea gibb","Cerith snail","Invertebrate","Pomaulax gibberosus","Gastropoda","Trochida","Turbinidae"
"Aurantidorsalis","Cirrhilabrus",NA,"Cirrhilabrus aurantidorsalis","Actinopterygii","Eupercaria incertae sedis","Labridae"
"Aurantiodorsalis","Cirrhilabrus","Fish","Cirrhilabrus aurantidorsalis","Actinopterygii","Eupercaria incertae sedis","Labridae"
"Aurantiodorsalis","Cirrhilabrus",NA,"Cirrhilabrus aurantidorsalis","Actinopterygii","Eupercaria incertae sedis","Labridae"
"B. bicolour","Bicolour wrasse",NA,"Labroides bicolor","Actinopterygii","Eupercaria incertae sedis","Labridae"
"Bennhikea fredcochvi","Blue king tetra","Fish",NA,"Actinopterygii",NA,NA
"Biochoeres biocellatus","Red-lined wrasse",NA,"Halichoeres biocellatus","Actinopterygii","Eupercaria incertae sedis","Labridae"
"Biochoeres chrysus","Canary wrasse","Fish","Halichoeres chrysus","Actinopterygii","Eupercaria incertae sedis","Labridae"
"Biochoeres chrysus","Canary wrasse",NA,"Halichoeres chrysus","Actinopterygii","Eupercaria incertae sedis","Labridae"
"Blauer panaque",NA,NA,NA,NA,NA,NA
"Blue wrasse","Blue wrasse",NA,NA,"Actinopterygii","Eupercaria incertae sedis","Labridae"
"Bolbometadon bicolor","Bi-color parrot","Fish","Cetoscarus bicolor","Actinopterygii","Eupercaria incertae sedis","Scaridae"
"Bolbomethapon bicolor","Bicolor parrotfish",NA,"Cetoscarus bicolor","Actinopterygii","Eupercaria incertae sedis","Scaridae"
"Calcinus Tibicens","Red leg hermit crab",NA,"Calcinus tibicen","Malacostraca","Decapoda","Diogenidae"
"Cardinal japonica","Amano shrimp","Invertebrate","Caridina multidentata","Malacostraca","Decapoda","Atyidae"
"Castanea turbo","Chestnut turbo","Invertebrate","Turbo castanea","Gastropoda","Trochida","Turbinidae"
"Castanea turbo","Chesnut turbo",NA,"Turbo castanea","Gastropoda","Trochida","Turbinidae"
"Catherines perdalis","Honeycomb Filefish",NA,"Cantherhines pardalis","Actinopterygii","Tetraodontiformes","Monacanthidae"
"Cement base soft coral","Cultured soft coral: cement base soft coral",NA,NA,NA,NA,NA
"Centrstephanus L","Sea urchin",NA,"Centrostephanus longispinus","Echinoidea","Diadematoida","Diadematidae"
"Chaetodon Kleini","Sunburst",NA,"Chaetodon kleinii","Actinopterygii","Acanthuriformes","Chaetodontidae"
"Chaetostoma wuchereri","Spotted rubberlip","Fish","Chaetostoma","Actinopterygii","Siluriformes","Loricariidae"
"Chaetostoma wuchereri","Spotted rubberlip",NA,"Chaetostoma","Actinopterygii","Siluriformes","Loricariidae"
"Chatodontoplus mesoleu","Vermiculated angel",NA,"Chaetodontoplus mesoleucus","Actinopterygii","Acanthuriformes","Pomacanthidae"
"Chromis bimaculatus","Two Spot Wrasser","Fish","Hemichromis bimaculatus","Actinopterygii","Cichliformes","Cichlidae"
"Chromis Dimidiatus","Chromis Half Half","Fish","Pycnochromis margaritifer","Actinopterygii","Ovalentaria incertae sedis","Pomacentridae"
"Chromis Dimidiatus","Chromis half half","Fish","Pycnochromis margaritifer","Actinopterygii","Ovalentaria incertae sedis","Pomacentridae"
"Chromis restrofasciata","Black bar chromis","Fish","Pycnochromis retrofasciatus","Actinopterygii","Ovalentaria incertae sedis","Pomacentridae"
"Chromis restrofasciata","Black bar chromis",NA,"Pycnochromis retrofasciatus","Actinopterygii","Ovalentaria incertae sedis","Pomacentridae"
"Chromis restrofasciata","Black Bar Chromis","Fish","Pycnochromis retrofasciatus","Actinopterygii","Ovalentaria incertae sedis","Pomacentridae"
"Cinhilahiris rubriventralis","Long fin fairy wrasse","Fish","Cirrhilabrus rubriventralis","Actinopterygii","Eupercaria incertae sedis","Labridae"
"Cinhilahiris rubriventralis","Long fin fairy wrasse",NA,"Cirrhilabrus rubriventralis","Actinopterygii","Eupercaria incertae sedis","Labridae"
"Cinhilahiris rubriventralis","Long Fin Fairy Wrasse","Fish","Cirrhilabrus rubriventralis","Actinopterygii","Eupercaria incertae sedis","Labridae"
"Cinochaelus strigosus","Spotted Bristletooth","Fish","Ctenochaetus strigosus","Actinopterygii","Acanthuriformes","Acanthuridae"
"Cinochaelus strigosus","Yellow Spotted Bristletooth","Fish","Ctenochaetus strigosus","Actinopterygii","Acanthuriformes","Acanthuridae"
"Cinochaelus strigosus","Spotted bristletooth","Fish","Ctenochaetus strigosus","Actinopterygii","Acanthuriformes","Acanthuridae"
"Cirilabrus exquistus","Exquisite Fairy Wrasse","Fish","Cirrhilabrus exquisitus","Actinopterygii","Eupercaria incertae sedis","Labridae"
"CIrrhitus pinnulatis","Marbled hawkfish","Fish","Cirrhitus pinnulatus","Actinopterygii","Centrarchiformes","Cirrhitidae"
"Clininareus","Hermit Crab",NA,"Clibanrius","Malacostraca","Decapoda","Diogenidae"
"Condactylus","Condylactus Anemone",NA,"Condylactis","Hexacorallia","Actiniaria","Actiniidae"
"Coprinellus micaceus","Brown Oval Giant Mushroom","Invertebrate",NA,NA,NA,NA
"Coralimorpharia","Pink spot coralimorphs","Invertebrate",NA,"Hexacorallia","Corallimorpharia",NA
"Coralimorpharia","Red coralimorph","Invertebrate",NA,"Hexacorallia","Corallimorpharia",NA
"Coralimorpharia","Purple coralimorphs","Invertebrate",NA,"Hexacorallia","Corallimorpharia",NA
"Coralimorpharia","Green coralimorphs","Invertebrate",NA,"Hexacorallia","Corallimorpharia",NA
"Coralimorpharia","Assorted coralimorphs","Invertebrate",NA,"Hexacorallia","Corallimorpharia",NA
"Coris antennuatus","Diamond Tail Wrasser","Fish","Paracheilinus attenuatus","Actinopterygii","Eupercaria incertae sedis","Labridae"
"Cryptocenrus Cinctus","Yellow prawn shrimp goby",NA,"Cryptocentrus cinctus","Actinopterygii","Gobiiformes","Gobiidae"
"Cryptocenus aurora","Pinkbar goby","Fish","Amblyeleotris aurora","Actinopterygii","Gobiiformes","Gobiidae"
"Cryptocenus aurora","Pinkbar Goby","Fish","Amblyeleotris aurora","Actinopterygii","Gobiiformes","Gobiidae"
"Dascylius immacuulatus","Threespot demoiselle",NA,"Dascyllus trimaculatus","Actinopterygii","Ovalentaria incertae sedis","Pomacentridae"
"Dascyllus chromis","Chromis","Fish",NA,"Actinopterygii","Ovalentaria incertae sedis","Pomacentridae"
"Dendronephyta","Pink carnation",NA,"Dendronephthya","Octocorallia","Malacalcyonacea","Nephtheidae"
"Dendronephyta",NA,NA,"Dendronephthya","Octocorallia","Malacalcyonacea","Nephtheidae"
"Dendronephyta","Red soft coral",NA,"Dendronephthya","Octocorallia","Malacalcyonacea","Nephtheidae"
"Diadema urchin",NA,NA,"Didema","Echinoidea","Diadematoida","Diadematidae"
"Diadema urchin sp.","Long spine urchin",NA,"Didema","Echinoidea","Diadematoida","Diadematidae"
"Discocoma sanctithornae","Warty mushroom",NA,"Rhodactis osculifera","Hexacorallia","Corallimorpharia","Discosomidae"
"Discocoma sp - yuma","Mushroom coral assorted",NA,"Ricordea yuma","Hexacorallia","Corallimorpharia","Ricordeidae"
"Discosoma cardinalis","Bright Red Mushoom (cultured)","Coral","Discosoma","Hexacorallia","Corallimorpharia","Discosomidae"
"Discosoma mutabilis","Green Spotted Mushroom (cultured)","Coral","Discosoma","Hexacorallia","Corallimorpharia","Discosomidae"
"Discosoma sanotthomae","Warty discosoma mushroom",NA,"Rhodactis osculifera","Hexacorallia","Corallimorpharia","Discosomidae"
"Discosoma spizoantho","Marble diso mushroom & button polyps",NA,"Discosoma","Hexacorallia","Corallimorpharia","Discosomidae"
"Discosoma spyzganthid","Marble disc musroom button polyps",NA,"Discosoma","Hexacorallia","Corallimorpharia","Discosomidae"
"Discosoma/rhodactis/ricodea","Assorted mushroom",NA,NA,"Hexacorallia","Corallimorpharia",NA
"Dorychampus dactiliophorus","Banded pipefish","Fish","Dunckerocampus dactyliophorus","Actinopterygii","Syngnathiformes","Syngnathidae"
"Dorychampus dactiliophorus","Banded pipefish",NA,"Dunckerocampus dactyliophorus","Actinopterygii","Syngnathiformes","Syngnathidae"
"Dorychampus multiannulatus","Red banded pipe fish","Fish","Dunckerocampus multiannulatus","Actinopterygii","Syngnathiformes","Syngnathidae"
"Doryhanphus multiannulatus","Many band pipe",NA,"Dunckerocampus multiannulatus","Actinopterygii","Syngnathiformes","Syngnathidae"
"Doryrhamthus dactyliopharus","Banded pipefish",NA,"Dunckerocampus dactyliophorus","Actinopterygii","Syngnathiformes","Syngnathidae"
"Doryyhamphus dactyliophor","Pipefish Banded","Fish","Dunckerocampus dactyliophorus","Actinopterygii","Syngnathiformes","Syngnathidae"
"Dunckererocampus dactylioph","Red banded pipefish",NA,"Dunckerocampus dactyliophorus","Actinopterygii","Syngnathiformes","Syngnathidae"
"Echinodermata","Purple sea urchin","Echinoderm",NA,"Echinoidea",NA,NA
"Echinodermata","Red sea urchin",NA,NA,"Echinoidea",NA,NA
"Echinodermata","Purple sea urchin",NA,NA,"Echinoidea",NA,NA
"Enomopletapus","Purple lobster","Crustacea","Enoplometopus","Malacostraca","Decapoda","Enoplometopidae"
"Escenius goby","Pictus goby",NA,"Ecsenius pictus","Actinopterygii","Blenniiformes","Blenniidae"
"Escenius sp.midas","Blue goby",NA,"Ecsenius midas","Actinopterygii","Blenniiformes","Blenniidae"
"Euxipipop navarchus","Mayestic angell",NA,"Pomacanthus navarchus","Actinopterygii","Acanthuriformes","Pomacanthidae"
"Fusilier damsel",NA,NA,"Lepidozygus tapeinosoma","Actinopterygii","Ovalentaria incertae sedis","Pomacentridae"
"Getrine orientalius","Oriental sweetlips",NA,"Plectorhinchus vittatus","Actinopterygii","Eupercaria incertae sedis","Haemulidae"
"Gobiodes brussonetti","Dragon gobies",NA,"Gobioides broussonnetii","Actinopterygii","Gobiiformes","Gobiidae"
"Goboides brussonetti","Dragon gobies",NA,"Gobioides broussonnetii","Actinopterygii","Gobiiformes","Gobiidae"
"Gormorphia savig","Galaxy batik star",NA,NA,NA,NA,NA
"Gymnothorax nebulosa","Snowflake moray",NA,"Echidna nebulosa","Actinopterygii","Anguilliformes","Muraenidae"
"Gymnothorax prosopeion","White eye moray eel","Fish","Gymnothorax thyrsoideus","Actinopterygii","Anguilliformes","Muraenidae"
"Hemibalistes Chryosopteras","White lined trigger fish",NA,"Sufflamen chrysopterum","Actinopterygii","Tetraodontiformes","Balistidae"
"Hemiptoronotus","Razor goby","Fish",NA,"Actinopterygii","Gobiiformes","Gobiidae"
"Hephithea erecta","Tree soft coral",NA,NA,NA,NA,NA
"Hermits crab","Small hermits crab",NA,NA,"Malacostraca","Decapoda",NA
"Hernorhamhodon pogonognat","Malayan halfbeak",NA,"Hemirhamphodon pogonognathus","Actinopterygii","Beloniformes","Zenarchopteridae"
"Heteractis Crispa","Sebae Anemone","Coral","Radianthus crispa","Hexacorallia","Actiniaria","Stichodactylidae"
"Heteractis qagnifica","Heteractis ritteri colored",NA,"Radianthus","Hexacorallia","Actiniaria","Stichodactylidae"
"Hybrid cichlid","Purple blood parrot","Fish",NA,"Actinopterygii","Cichliformes","Cichlidae"
"Hybrid cichlid","Blood parrot",NA,NA,"Actinopterygii","Cichliformes","Cichlidae"
"Hybrid cichlid","Purple blood parrot",NA,NA,"Actinopterygii","Cichliformes","Cichlidae"
"Hypolysmata grabhami","Painted shrimp/ Cleaner shrimp","Crustacean","Lysmata grabhami","Malacostraca","Decapoda","Lysmatidae"
"Hypolysmata grabhami","Painted Shrimp / Cleaner Shrimp","Invertebrate","Lysmata grabhami","Malacostraca","Decapoda","Lysmatidae"
"Hypolysmata grabhami","Painted shrimp / cleaner shrimp","Invertebrate","Lysmata grabhami","Malacostraca","Decapoda","Lysmatidae"
"Hypolysmata grabhami","Painted Shrimp",NA,"Lysmata grabhami","Malacostraca","Decapoda","Lysmatidae"
"Hypolysmata grabhami","Painted shrimp/ Cleaner shrimp",NA,"Lysmata grabhami","Malacostraca","Decapoda","Lysmatidae"
"Hypolysmata grabhami","Painted shrimp",NA,"Lysmata grabhami","Malacostraca","Decapoda","Lysmatidae"
"Hypolysmata grabhami / amboinensis","Painted shrimp",NA,"Lysmata","Malacostraca","Decapoda","Lysmatidae"
"Hypolysmata grabhami/amboinensis","Painted Shrimp / Cleaner Shrimp","Invertebrate","Lysmata","Malacostraca","Decapoda","Lysmatidae"
"Hypolysmata grabhami/amboinensis","Painted shrimp / cleaner shrimp","Invertebrate","Lysmata","Malacostraca","Decapoda","Lysmatidae"
"Hypolysmata grabhami/amboinensis","Painted shrimp",NA,"Lysmata","Malacostraca","Decapoda","Lysmatidae"
"Labranicus cyolopthalmus","Spotted sail dottyback","Fish",NA,"Actinopterygii",NA,NA
"Lactophurus quadricornis","Camel cow fish","Fish","Acanthostracion quadricornis","Actinopterygii","Tetraodontiformes","Ostraciidae"
"Lemnalla yellow","Broccoli coral",NA,NA,NA,NA,NA
"Lenalla yellow","Broccoli coral",NA,NA,NA,NA,NA
"Lennius cristatus linnaeus","Molly miller","Fish","Scartella cristata","Actinopterygii","Blenniiformes","Blenniidae"
"Linckia caeciqata","Blue starfish",NA,"Linckia laevigata","Asteroidea","Valvatida","Ophidiasteridae"
"Linckia caeviqata","Blue Starfish",NA,"Linckia laevigata","Asteroidea","Valvatida","Ophidiasteridae"
"Linckia caeviqata","Blue starfish","Invertebrate","Linckia laevigata","Asteroidea","Valvatida","Ophidiasteridae"
"Linckia sp.","Sand shifting starfish","Echinoderm","Linckia","Asteroidea","Valvatida","Ophidiasteridae"
"Linkia caeviqata","Blue starfish","Invertebrate","Linckia laevigata","Asteroidea","Valvatida","Ophidiasteridae"
"Lo Uspi","Fiji foxface","Fish","Siganus uspi","Actinopterygii","Acanthuriformes","Siganidae"
"Lobophyllum","Leather(back) Type-Long Tentacles",NA,"Lobophyllia","Hexacorallia","Scleractinia","Lobophylliidae"
"Macro doreensis","Long Tentacle Anemone","Invertebrate","Heteractis doreensis","Hexacorallia","Actiniaria","Heteractidae"
"Macro doreensis","Long Tentacle Anemone-purple","Invertebrate","Heteractis doreensis","Hexacorallia","Actiniaria","Heteractidae"
"Macrophyngodon Ornatus","Matara wrasse",NA,"Macropharyngodon ornatus","Actinopterygii","Eupercaria incertae sedis","Labridae"
"Magnolica","Magnolica","Fish",NA,"Actinopterygii",NA,NA
"Mehigymnus melapterus","Bicolor wrasse",NA,"Hemigymnus melapterus","Actinopterygii","Eupercaria incertae sedis","Labridae"
"Melanchromis maingano",NA,"Fish","Pseudotropheus cyaneorhabdos","Actinopterygii","Cichliformes","Cichlidae"
"Melano marginatus","Pink-margin fairy wrasse","Fish","Cirrhilabrus melanomarginatus","Actinopterygii","Eupercaria incertae sedis","Labridae"
"Mespilia Globolus","Tuxedo urchin",NA,"Mespilia globulus","Echinoidea","Camarodonta","Temnopleuridae"
"Microlabrychtis evansi","Yellow-tail goldie","Fish","Pseudanthias evansi","Actinopterygii","Perciformes","Serranidae"
"Microlabrychtis evansi","Yellow-tail Goldie","Fish","Pseudanthias evansi","Actinopterygii","Perciformes","Serranidae"
"Microspadoton chiarus","Jewel damsel","Fish","Microspathodon chrysurus","Actinopterygii","Ovalentaria incertae sedis","Pomacanthidae"
"Mierophys","Spider Crab",NA,NA,"Malacostraca","Decapoda",NA
"Mierophys","Spider Crab","Invertebrate",NA,"Malacostraca","Decapoda",NA
"Mierophys","Soider crab",NA,NA,"Malacostraca","Decapoda",NA
"Mierophys","Spider crab",NA,NA,"Malacostraca","Decapoda",NA
"Mimic tang","Acanthurus proferus var",NA,"Acanthurus pyroferus","Actinopterygii","Acanthuriformes","Acanthuridae"
"Molliensia veilfera","Gold nugget molly","Fish","Poecilia velifera","Actinopterygii","Cyprinodontiformes","Poeciliidae"
NA,"Hermit crabs","Crustacean",NA,"Malacostraca","Decapoda",NA
NA,"Lip Wrasse","Fish",NA,"Actinopterygii",NA,NA
NA,"Moorish Idol","Fish","Zanclus cornutus","Actinopterygii","Acanthuriformes","Zanclidae"
NA,"Red pencil sea urchin","Invertebrate",NA,"Echinoidea",NA,NA
NA,"Ordinary pistol shrimp","Crustacean",NA,"Malacostraca","Decapoda",NA
NA,"Purple long nose shrimp","Crustacean",NA,"Malacostraca","Decapoda",NA
NA,"Red cardinal","Fish",NA,"Actinopterygii",NA,NA
NA,"Soft coral - assorted","Invertebrate",NA,NA,NA,NA
NA,NA,NA,NA,NA,NA,NA
NA,"Black wrasse","Fish",NA,"Actinopterygii",NA,NA
NA,"Fusilier damsel","Fish","Lepidozygus tapeinosoma","Actinopterygii","Ovalentaria incertae sedis","Pomacentridae"
NA,"Red Cardinalfish",NA,NA,"Actinopterygii",NA,NA
NA,"Feather star",NA,NA,"Crinoidea",NA,NA
NA,"Cortez angel",NA,"Pomacanthus zonipectus","Actinopterygii","Acanthuriformes","Pomacanthidae"
NA,"Red cardenals",NA,NA,NA,NA,NA
NA,"Shrimp with orange prawn goby",NA,NA,NA,NA,NA
NA,"Shrimp with yellow rose goby",NA,NA,NA,NA,NA
NA,"Shrimp with flagtail shrimp goby",NA,NA,NA,NA,NA
NA,"Shrimp with yellow lizardfish",NA,NA,NA,NA,NA
NA,"Soft mushroom coral",NA,NA,NA,NA,NA
NA,"Soft coral",NA,NA,NA,NA,NA
NA,"Soft coral garden",NA,NA,NA,NA,NA
NA,"Mushroom soft coral",NA,NA,NA,NA,NA
NA,"Red cardinal",NA,NA,NA,NA,NA
NA,"Leaf wrasse",NA,NA,NA,NA,NA
NA,"Black wrasse",NA,NA,NA,NA,NA
NA,"Thistle Coral",NA,NA,NA,NA,NA
NA,"Toadstool soft coral",NA,NA,NA,NA,NA
NA,"Branching tree coral",NA,NA,NA,NA,NA
NA,"Fusilier damsel",NA,"Lepidozygus tapeinosoma","Actinopterygii","Ovalentaria incertae sedis","Pomacentridae"
NA,"Scolopsis",NA,"Scolopsis","Actinopterygii","Eupercaria incertae sedis","Nemipteridae"
NA,"Green damsel",NA,NA,NA,NA,NA
NA,"Acan Coral",NA,"Acanthastrea","Hexacorallia","Scleractinia","Lobophylliidae"
NA,"Scoly Coral",NA,"Scolymia","Hexacorallia","Scleractinia","Faviidae"
NA,"Elegance coral",NA,"Catalaphyllia","Hexacorallia","Scleractinia","Merulinidae"
NA,"Flowerpot coral",NA,"Goniopora","Hexacorallia","Scleractinia","Poritidae"
NA,"Peterson cleaner shrimp",NA,"Ancylomenes pedersoni","Malacostraca","Decapoda","Palaemonidae"
NA,"Small Hermit Crabs","Invertebrate",NA,"Malacostraca","Decapoda",NA
"NA rainfordi","Red stripe goby","Fish","Koumansetta rainfordi","Actinopterygii","Gobiiformes","Gobiidae"
"Nareus","Hermit Crab","Invertebrate",NA,"Malacostraca","Decapoda",NA
"Nasarius","Hermit zombie","Invertebrate","Nassarius","Gastropoda","Neogastropoda","Nassariidae"
"Nasarius","Hermit yellow",NA,"Nassarius","Gastropoda","Neogastropoda","Nassariidae"
"Nasarius","Hermit zombie",NA,"Nassarius","Gastropoda","Neogastropoda","Nassariidae"
"Nassiurus","Mollusk: snail, nassirus, tonga",NA,"Nassarius","Gastropoda","Neogastropoda","Nassariidae"
"Neopterolistres sp.","Orange crab","Crustacean","Neopetrolisthes","Malacostraca","Decapoda","Porcellanidae"
"Nepthea","Green Feathery","Coral",NA,"Octocorallia","Malacalcyonacea","Nephtheidae"
"Nepththya","Red tree soft coral","Invertebrate",NA,"Octocorallia","Malacalcyonacea","Nephtheidae"
"Novaculicthys taenurius","Dragon","Fish","Novaculichthys taeniourus","Actinopterygii","Eupercaria incertae sedis","Labridae"
"Novaculicthys taenurius","Dragon",NA,"Novaculichthys taeniourus","Actinopterygii","Eupercaria incertae sedis","Labridae"
"Nudibranch","Quazimodo sea slug","Invertebrate",NA,"Gastropoda","Nudibranchia",NA
"Nudibranch","Quazimodo sea slug",NA,NA,"Gastropoda","Nudibranchia",NA
"Nudibranch","Quazimodo Sea Slug","Fish",NA,"Gastropoda","Nudibranchia",NA
"Nudibranches","Sea Slug",NA,NA,"Gastropoda","Nudibranchia",NA
"Nudibranches","Assorted sea slugs",NA,NA,"Gastropoda","Nudibranchia",NA
"Occelaris","Occelaris breeding",NA,"Amphiprion ocellaris","Actinopterygii","Ovalentaria incertae sedis","Pomacentridae"
"Occelaris breeding","Occelaris breeding","Fish","Amphiprion ocellaris","Actinopterygii","Ovalentaria incertae sedis","Pomacentridae"
"Onyx percula","Snow onyx clownfish","Fish","Amphiprion percula","Actinopterygii","Ovalentaria incertae sedis","Pomacentridae"
"Oxmanocanthus longnosis","Long nose file fish","Fish","Oxymonacanthus longirostris","Actinopterygii","Tetraodontiformes","Monacanthidae"
"Oxycirithus typus","Long nosed coral hopper",NA,"Oxycirrhites typus","Actinopterygii","Centrarchiformes","Cirrhitidae"
"P flavivertex","Black neon dottyback","Fish","Pseudochromis flaviviertex","Actinopterygii","Ovalentaria incertae sedis","Pseudochromidae"
"Paracheilliunius exquisitus","Exquisite Wrasser","Fish","Paracheilinus","Actinopterygii","Eupercaria incertae sedis","Labridae"
"Paracheilliunius Mccoskeri","Mccosker's flasher wrasser",NA,"Paracheilinus mccoskeri","Actinopterygii","Eupercaria incertae sedis","Labridae"
"Parachyclavria","Green star polyps",NA,"Briareum","Octocorallia","Scleralcyonacea","Briareidae"
"Parachyclavuria","Green star polyps","Invertebrate","Briareum","Octocorallia","Scleralcyonacea","Briareidae"
"Parachyclavuria","Green star polyps",NA,"Briareum","Octocorallia","Scleralcyonacea","Briareidae"
"Paraglyphidon melas","Bowtie damsel",NA,"Neoglyphidodon melas","Actinopterygii","Ovalentaria incertae sedis","Pomacentridae"
"Paraglyphidon oxydon","Oxydon damsel",NA,"Neoglyphidodon oxydon","Actinopterygii","Ovalentaria incertae sedis","Pomacentridae"
"Paraguistes gadeati","Blue leg hermit crab",NA,NA,"Malacostraca","Decapoda",NA
"Pelmatoconchormis kribensis","Kribensis",NA,"Pelvicachromis pulcher","Actinopterygii","Cichliformes","Cichlidae"
"Pentopodus nemurus","Banana fish","Fish","Pentapodus","Actinopterygii","Eupercaria incertae sedis","Nemipteridae"
"periclemenes specie","Glass shrimp","Invertebrate","Periclimenes","Malacostraca","Decapoda","Palaemonidae"
"Plectorhinchus-Gaterin diagrammus","Silver lined sweetlip",NA,"Plectorhinchus diagrammus","Actinopterygii","Eupercaria incertae sedis","Haemulidae"
"Plectorhinchus-Gaterin lineatus","Yellow band sweetlip",NA,"Plectorhinchus lineatus","Actinopterygii","Eupercaria incertae sedis","Haemulidae"
"Plyrosinuo",NA,"Invertebrate",NA,NA,NA,NA
"Plyrosinuo",NA,NA,NA,NA,NA,NA
"Prevagon melanocephalus","Redtail file fish","Fish","Pervagor melanocephalus","Actinopterygii","Tetraodontiformes","Monacanthidae"
"Protoplaythoa","Button polyps Green","Coral","Palythoa","Hexacorallia","Zoantharia","Sphenopidae"
"Protorea","Red Horn Crimson Star Fish",NA,"Protoreaster","Asteroidea","Valvatida","Oreasteridae"
"Protorea","Red horn crimson star fish",NA,"Protoreaster","Asteroidea","Valvatida","Oreasteridae"
"Protorea","American pie star fish yellow",NA,"Protoreaster","Asteroidea","Valvatida","Oreasteridae"
"Psedocheilinus specie","Mystery Wrasser","Fish","Pseudocheilinus","Actinopterygii","Eupercaria incertae sedis","Labridae"
"Pseudochelinus filamentosus","Longfin wrasse","Fish","Paracheilinus filamentosus","Actinopterygii","Eupercaria incertae sedis","Labridae"
"Pseudocholchirus tricolor","sea apple cucumber",NA,"Pseudocolochirus","Holothuroidea","Dendrochirotida","Cucumariidae"
"Pseudocholchirus tricolor","Sea Apple Cucumber","Invertebrate","Pseudocolochirus","Holothuroidea","Dendrochirotida","Cucumariidae"
"Pseudodax Molluccanus","Blue black wrass","Fish","Pseudodax moluccanus","Actinopterygii","Eupercaria incertae sedis","Labridae"
"Pseutocelineus filamentosus","Longfin wrasse",NA,"Paracheilinus filamentosus","Actinopterygii","Eupercaria incertae sedis","Labridae"
"Pseutocelineus hexataenia","Longfin wrasse",NA,"Pseudocheilinus hexataenia","Actinopterygii","Eupercaria incertae sedis","Labridae"
"Psiostoma mendicaria","Bumble bee snail",NA,"Engina mendicaria","Gastropoda","Neogastropoda","Pisniidae"
"Pspecidanthias squampinnis","Lyretail Anthias","Fish","Pseudanthias squamipinnis","Actinopterygii","Perciformes","Serranidae"
"Pterois Antenata","Spotfin lionfish",NA,"Pterois antennata","Actinopterygii","Perciformes","Scorpaenidae"
"Pterosynchiropsis splendidus","Green Mandarin","Fish","Synchiropus splendidus","Actinopterygii","Callionymiformes","Callionymidae"
"Pterosynchiropsis splendidus","Mandarinfish","Fish","Synchiropus splendidus","Actinopterygii","Callionymiformes","Callionymidae"
"Pusiotoma","Bumble Bee Snail","Invertebrate","Engina mendicaria","Gastropoda","Neogastropoda","Pisniidae"
"Pusiotoma","Bumble bee snail","Invertebrate","Engina mendicaria","Gastropoda","Neogastropoda","Pisniidae"
"Pusiotoma","Bumble bee snail",NA,"Engina mendicaria","Gastropoda","Neogastropoda","Pisniidae"
"Pusiotoma (engina) mendicaria","Bumble bee snail",NA,"Engina mendicaria","Gastropoda","Neogastropoda","Pisniidae"
"Radiathis specie","Sebae White Anemone",NA,"Radianthus","Hexacorallia","Actiniaria","Stichodactylidae"
"Radiathis specie","Sebae white anemone",NA,"Radianthus","Hexacorallia","Actiniaria","Stichodactylidae"
"Retrofasciata chromis","One Stripe Damsel","Fish","Pycnochromis retrofasciatus","Actinopterygii","Ovalentaria incertae sedis","Pomacentridae"
"Rhodacts cimussones","Green elephant muhroom",NA,"Platyzoanthus mussoides","Hexacorallia","Corallimorpharia","Discosomidae"
"Rhodoactis indonsinense","Hairy Mushroom",NA,"Rhodactis indosinensis","Hexacorallia","Corallimorpharia","Discosomidae"
"Rhynchonetes N","Dancing shrimp",NA,"Rhynchocinetes","Malacostraca","Decapoda","Rhynchocinetidae"
"Rhynchonetes N","Dancing shrimo",NA,"Rhynchocinetes","Malacostraca","Decapoda","Rhynchocinetidae"
"Royal loretta","Royal gramma",NA,"Gramma loreto","Actinopterygii","Ovalentaria incertae sedis","Grammatidae"
"Sabelastate indica","Feather duster worm","Invertebrate","Sabellastarte spectabilis","Polychaeta","Sabellida","Sabellidae"
"Sacrophyton sanclithomae","Warty Leather","Coral","Sarcophyton","Octocorallia","Malacalcyonacea","Sarcophytidae"
"Sacrophyton violacea","Green Leather star polyps","Coral","Sarcophyton","Octocorallia","Malacalcyonacea","Sarcophytidae"
"Sarcophyton dura","Cabbage leather coral","Coral","Sarcophyton","Octocorallia","Malacalcyonacea","Sarcophytidae"
"Sarcophyton fenestraler","Giant cup leather","Coral","Sarcophyton","Octocorallia","Malacalcyonacea","Sarcophytidae"
"Sarcophyton flexibilis","Leather soft hinger hand","Coral","Sarcophyton","Octocorallia","Malacalcyonacea","Sarcophytidae"
"Sarcophyton mussoides","Brown  Oval Giant Leather","Coral","Sarcophyton","Octocorallia","Malacalcyonacea","Sarcophytidae"
"Sarcophyton mussoides","Brown Oval Giant Leather","Coral","Sarcophyton","Octocorallia","Malacalcyonacea","Sarcophytidae"
"Sarcophyton pauciflorum","Leather corallo a cavoiflore","Coral","Sarcophyton","Octocorallia","Malacalcyonacea","Sarcophytidae"
"Sarcophyton sanclithomae","Warty Leather","Coral","Sarcophyton","Octocorallia","Malacalcyonacea","Sarcophytidae"
"Sarcophyton singularis","Leather gorgone blanche","Coral","Sarcophyton","Octocorallia","Malacalcyonacea","Sarcophytidae"
"Sarcophyton spp.","Pin cushion","Cnidaria","Sarcophyton","Octocorallia","Malacalcyonacea","Sarcophytidae"
"Sarcophyton violacea","Green Leather star polyps","Coral","Sarcophyton","Octocorallia","Malacalcyonacea","Sarcophytidae"
"Scleronephithya sp.","Orange soft coral","Cnidaria","Scleronephthya","Octocorallia","Malacalcyonacea","Nephtheidae"
"Sebelastate indica species","Golden red feather duster","Invertebrate","Sabellastarte spectabilis","Polychaeta","Sabellida","Sabellidae"
"Sideria propopeion","White eyed Ray","Fish","Gymnothorax thyrsoideus","Actinopterygii","Anguilliformes","Muraenidae"
"Snails","Nerita snails",NA,NA,"Gastropoda","Cycloneritida","Neritidae"
"Soft coral","Soft coral assorted",NA,NA,NA,NA,NA
"Sole","Sole","Fish",NA,"Actinopterygii",NA,NA
"Sschodactyla tapetum sp","Mini carpet anemone",NA,"Stichodactyla tapetum","Hexacorallia","Actiniaria","Stichodactylidae"
"Styloltella aurontium","Sponges",NA,"Stylissa massa","Demospongiae","Scopalinida","Scopalinidae"
"T castanea","Turban snail","Invertebrate","Turbo castanea","Gastropoda","Trochida","Turbinidae"
"Taeniotus specie","Sailfin Leaffish","Fish","Taenianotus triacanthus","Actinopterygii","Perciformes","Scorpaenidae"
"Taeniotus triancanthus","Sailfin leaf fish","Fish","Taenianotus triacanthus","Actinopterygii","Perciformes","Scorpaenidae"
"Tetradon fluviatilis","Puffer spotted green","Fish","Dichotomyctere fluviatilis","Actinopterygii","Tetraodontiformes","Tetraodontidae"
"Thoichtys ellioti","Thoichtys ellioti","Fish","Thorichthys maculipinnis","Actinopterygii","Cichliformes","Cichlidae"
"Tominichthys","Rayed shrimp goby","Fish","Tomiyamichthys","Actinopterygii","Gobiiformes","Gobiidae"
"Tripneus gratilla","Coloured sea urchin","Invertebrate","Tripneustes gratilla","Echinoidea","Camarodonta","Toxopneustidae"
"V helsdingeii","White gobi",NA,"Valenciennea helsdingenii","Actinopterygii","Gobiiformes","Gobiidae"
"Valenciena strigata","Peanut glider","Fish","Valenciennea strigata","Actinopterygii","Gobiiformes","Gobiidae"
"Valenciena strigata","Peanut Glider","Fish","Valenciennea strigata","Actinopterygii","Gobiiformes","Gobiidae"
"Wet morella","Possum Wrasse",NA,"Wetmorella","Actinopterygii","Eupercaria incertae sedis","Labridae"
"Xenia spp.","Pulse","Cnidaria","Xenia","Octocorallia","Malacalcyonacea","Xeniidae"
"Zoanthid discosoma","Coral garden",NA,NA,"Hexacorallia",NA,NA
"Zoohantus","Zoohantus green","Invertebrate","Zoanthus","Hexacorallia","Zoantharia","Zoanthidae"
"Zoohantus","Zoohantus green","Coral","Zoanthus","Hexacorallia","Zoantharia","Zoanthidae"
"Actinodiscus mutabilis","Mushroom Leaves (green)","Invertebrate","Discosoma","Hexacorallia","Corallimorpharia","Discosomidae"
"Actinodiscus mutabilis","Mushroom Leaves green","Invertebrate","Discosoma","Hexacorallia","Corallimorpharia","Discosomidae"
"Actinodiscus mutabilis","Mushroom leaves (green)","Invertebrate","Discosoma","Hexacorallia","Corallimorpharia","Discosomidae"
"Actinodiscus mutabilis","Mushroom leaves green","Invertebrate","Discosoma","Hexacorallia","Corallimorpharia","Discosomidae"
"Trichogaster leeriii","Pearl gourami","Fish","Trichopodus leerii","Actinopterygii","Anabantiformes","Osphronemidae"
"Actinodiscus mutabilis","Mushroom leaves-green",NA,"Discosoma","Hexacorallia","Corallimorpharia","Discosomidae"
"Actindiscus mutabilis","Mushroom leaves-green",NA,"Discosoma","Hexacorallia","Corallimorpharia","Discosomidae"
"Mitra idea","Mitra snails",NA,NA,"Gastropoda","Neogastropoda","Mitridae"
"Halocentrus rubrum","Redcoat squirrelfish",NA,"Sargocentron rubrum","Actinopterygii","Holocentriformes","Holocentridae"
"Discosoma yuta","Mushroom Coral Assorted","Coral","Ricordea yuma","Hexacorallia","Corallimorpharia","Ricordeidae"
"Pseudochomis paccagnellae","Royal Dottyback","Fish","Pictichromis paccagnellorum","Actinopterygii","Ovalentaria incertae sedis","Pseudochromidae"
"Actinodiscus mutabilis","Mushroom Leaves- Green",NA,"Discosoma","Hexacorallia","Corallimorpharia","Discosomidae"
